Label,# Samples,Average,Median,90% Line,95% Line,99% Line,Min,Max,Error %,Throughput,Received KB/sec,Sent KB/sec
doc_append,1000,507,492,611,665,746,370,862,0.000%,1.82455,0.08,0.00
doc_pick,1001,129,124,159,175,224,2,706,0.000%,4.38725,27746.08,0.00
TOTAL,2001,318,370,558,612,724,2,862,0.000%,2.57780,8155.47,0.00
