Label,# Samples,Average,Median,90% Line,95% Line,99% Line,Min,Max,Error %,Throughput,Received KB/sec,Sent KB/sec
doc_append,1000,545,504,677,801,1469,364,2129,0.000%,1.70070,0.07,0.00
doc_pick,1001,143,133,174,212,388,7,1245,0.000%,3.90403,24690.03,0.00
TOTAL,2001,344,378,604,678,1270,7,2129,0.000%,2.36973,7497.18,0.00
